delete from MAI_ACL;
delete from MAI_GROUP_MEMBER;
delete from MAI_GROUP;
delete from MAI_ROLE_MAPPING;
delete from MAI_ROLE;
delete from MAI_WORKSPACE;
delete from MAI_USER;
commit;

INSERT INTO MAI_USER (ID, USER_NAME, PASSWORD, EMAIL, ACTIVATED, LAST_UPDATED) VALUES ('1', 'admin', '$2a$10$2gAOiLmCflCJ4mtumg/KyeQ4Pfs4/4yAmXduz927Zs58aAHKFKSjC', 'admin@console.com', '1', '2019-04-12 05:44:24');
INSERT INTO MAI_USER (ID, USER_NAME, PASSWORD, EMAIL, ACTIVATED, LAST_UPDATED) VALUES ('2', 'manager', '$2a$10$Mev4XTLJs3AsPpe6AYZfEu4lIVMdHyqNYNT8RPTyaykbv0.IY2nLO', 'manager@console.com', '1', '2019-04-12 05:44:24');
INSERT INTO MAI_USER (ID, USER_NAME, PASSWORD, EMAIL, ACTIVATED, LAST_UPDATED) VALUES ('3', 'guest', '$2a$10$2W0PH/03DPDV9tQmhzOw9uVEQTFNmk59rVBqDCqAPYPFqwZFBibjC', 'guest@console.com', '1', '2019-04-12 05:44:24');

INSERT INTO MAI_WORKSPACE (ID, OWNER_TYPE, OWNER_ID, PATH, CREATED_AT, UPDATED_AT) VALUES ('5a4cfc399d105b52f6173fc909520000', 'Group', '1', 'eljecqmg9y', null, '2019-04-12 05:44:24');

INSERT INTO MAI_ROLE (ID, CREATED_AT, DESCRIPTION, NAME, UPDATED_AT) VALUES (1, '2019-04-12 05:44:24', null, 'admin', '2019-04-12 05:44:24');
INSERT INTO MAI_ROLE (ID, CREATED_AT, DESCRIPTION, NAME, UPDATED_AT) VALUES (2, '2019-04-12 05:44:24', 'Dashboard', 'dashboard^R', '2019-04-12 05:44:24');
INSERT INTO MAI_ROLE (ID, CREATED_AT, DESCRIPTION, NAME, UPDATED_AT) VALUES (3, '2019-04-12 05:44:24', 'Monitor', 'svd^R', '2019-04-12 05:44:24');
INSERT INTO MAI_ROLE (ID, CREATED_AT, DESCRIPTION, NAME, UPDATED_AT) VALUES (4, '2019-04-12 05:44:24', 'Monitor', 'svd^X', '2019-04-12 05:44:24');
INSERT INTO MAI_ROLE (ID, CREATED_AT, DESCRIPTION, NAME, UPDATED_AT) VALUES (5, '2019-04-12 05:44:24', 'DAM', 'dam^C', '2019-04-12 05:44:24');
INSERT INTO MAI_ROLE (ID, CREATED_AT, DESCRIPTION, NAME, UPDATED_AT) VALUES (6, '2019-04-12 05:44:24', 'DAM', 'dam^R', '2019-04-12 05:44:24');
INSERT INTO MAI_ROLE (ID, CREATED_AT, DESCRIPTION, NAME, UPDATED_AT) VALUES (7, '2019-04-12 05:44:24', 'DAM', 'dam^U', '2019-04-12 05:44:24');
INSERT INTO MAI_ROLE (ID, CREATED_AT, DESCRIPTION, NAME, UPDATED_AT) VALUES (8, '2019-04-12 05:44:24', 'DAM', 'dam^D', '2019-04-12 05:44:24');
INSERT INTO MAI_ROLE (ID, CREATED_AT, DESCRIPTION, NAME, UPDATED_AT) VALUES (9, '2019-04-12 05:44:24', 'DAM', 'dam^X', '2019-04-12 05:44:24');
INSERT INTO MAI_ROLE (ID, CREATED_AT, DESCRIPTION, NAME, UPDATED_AT) VALUES (10, '2019-04-12 05:44:24', 'DA', 'da^C', '2019-04-12 05:44:24');
INSERT INTO MAI_ROLE (ID, CREATED_AT, DESCRIPTION, NAME, UPDATED_AT) VALUES (11, '2019-04-12 05:44:24', 'DA', 'da^R', '2019-04-12 05:44:24');
INSERT INTO MAI_ROLE (ID, CREATED_AT, DESCRIPTION, NAME, UPDATED_AT) VALUES (12, '2019-04-12 05:44:24', 'DA', 'da^U', '2019-04-12 05:44:24');
INSERT INTO MAI_ROLE (ID, CREATED_AT, DESCRIPTION, NAME, UPDATED_AT) VALUES (13, '2019-04-12 05:44:24', 'DA', 'da^D', '2019-04-12 05:44:24');
INSERT INTO MAI_ROLE (ID, CREATED_AT, DESCRIPTION, NAME, UPDATED_AT) VALUES (14, '2019-04-12 05:44:24', 'DA', 'da^X', '2019-04-12 05:44:24');
INSERT INTO MAI_ROLE (ID, CREATED_AT, DESCRIPTION, NAME, UPDATED_AT) VALUES (15, '2019-04-12 05:44:24', 'SC', 'sc^C', '2019-04-12 05:44:24');
INSERT INTO MAI_ROLE (ID, CREATED_AT, DESCRIPTION, NAME, UPDATED_AT) VALUES (16, '2019-04-12 05:44:24', 'SC', 'sc^R', '2019-04-12 05:44:24');
INSERT INTO MAI_ROLE (ID, CREATED_AT, DESCRIPTION, NAME, UPDATED_AT) VALUES (17, '2019-04-12 05:44:24', 'SC', 'sc^U', '2019-04-12 05:44:24');
INSERT INTO MAI_ROLE (ID, CREATED_AT, DESCRIPTION, NAME, UPDATED_AT) VALUES (18, '2019-04-12 05:44:24', 'SC', 'sc^D', '2019-04-12 05:44:24');
INSERT INTO MAI_ROLE (ID, CREATED_AT, DESCRIPTION, NAME, UPDATED_AT) VALUES (19, '2019-04-12 05:44:24', 'DNN', 'ta^R', '2019-04-12 05:44:24');
INSERT INTO MAI_ROLE (ID, CREATED_AT, DESCRIPTION, NAME, UPDATED_AT) VALUES (20, '2019-04-12 05:44:24', 'ITF', 'itf^C', '2019-04-12 05:44:24');
INSERT INTO MAI_ROLE (ID, CREATED_AT, DESCRIPTION, NAME, UPDATED_AT) VALUES (21, '2019-04-12 05:44:24', 'ITF', 'itf^R', '2019-04-12 05:44:24');
INSERT INTO MAI_ROLE (ID, CREATED_AT, DESCRIPTION, NAME, UPDATED_AT) VALUES (22, '2019-04-12 05:44:24', 'ITF', 'itf^U', '2019-04-12 05:44:24');
INSERT INTO MAI_ROLE (ID, CREATED_AT, DESCRIPTION, NAME, UPDATED_AT) VALUES (23, '2019-04-12 05:44:24', 'ITF', 'itf^D', '2019-04-12 05:44:24');
INSERT INTO MAI_ROLE (ID, CREATED_AT, DESCRIPTION, NAME, UPDATED_AT) VALUES (24, '2019-04-12 05:44:24', 'AU-POL', 'aupl^R', '2019-04-12 05:44:24');
INSERT INTO MAI_ROLE (ID, CREATED_AT, DESCRIPTION, NAME, UPDATED_AT) VALUES (25, '2019-04-12 05:44:24', 'STT', 'stt^C', '2019-04-12 05:44:24');
INSERT INTO MAI_ROLE (ID, CREATED_AT, DESCRIPTION, NAME, UPDATED_AT) VALUES (26, '2019-04-12 05:44:24', 'STT', 'stt^R', '2019-04-12 05:44:24');
INSERT INTO MAI_ROLE (ID, CREATED_AT, DESCRIPTION, NAME, UPDATED_AT) VALUES (27, '2019-04-12 05:44:24', 'STT', 'stt^U', '2019-04-12 05:44:24');
INSERT INTO MAI_ROLE (ID, CREATED_AT, DESCRIPTION, NAME, UPDATED_AT) VALUES (28, '2019-04-12 05:44:24', 'STT', 'stt^D', '2019-04-12 05:44:24');
INSERT INTO MAI_ROLE (ID, CREATED_AT, DESCRIPTION, NAME, UPDATED_AT) VALUES (29, '2019-04-12 05:44:24', 'STT', 'stt^X', '2019-04-12 05:44:24');
INSERT INTO MAI_ROLE (ID, CREATED_AT, DESCRIPTION, NAME, UPDATED_AT) VALUES (30, '2019-04-12 05:44:24', 'Chatbot', 'chbt^C', '2019-04-12 05:44:24');
INSERT INTO MAI_ROLE (ID, CREATED_AT, DESCRIPTION, NAME, UPDATED_AT) VALUES (31, '2019-04-12 05:44:24', 'Chatbot', 'chbt^R', '2019-04-12 05:44:24');
INSERT INTO MAI_ROLE (ID, CREATED_AT, DESCRIPTION, NAME, UPDATED_AT) VALUES (32, '2019-04-12 05:44:24', 'Chatbot', 'chbt^U', '2019-04-12 05:44:24');
INSERT INTO MAI_ROLE (ID, CREATED_AT, DESCRIPTION, NAME, UPDATED_AT) VALUES (33, '2019-04-12 05:44:24', 'Chatbot', 'chbt^D', '2019-04-12 05:44:24');
INSERT INTO MAI_ROLE (ID, CREATED_AT, DESCRIPTION, NAME, UPDATED_AT) VALUES (34, '2019-04-12 05:44:24', 'DAI', 'dai^C', '2019-04-12 05:44:24');
INSERT INTO MAI_ROLE (ID, CREATED_AT, DESCRIPTION, NAME, UPDATED_AT) VALUES (35, '2019-04-12 05:44:24', 'DAI', 'dai^R', '2019-04-12 05:44:24');
INSERT INTO MAI_ROLE (ID, CREATED_AT, DESCRIPTION, NAME, UPDATED_AT) VALUES (36, '2019-04-12 05:44:24', 'DAI', 'dai^U', '2019-04-12 05:44:24');
INSERT INTO MAI_ROLE (ID, CREATED_AT, DESCRIPTION, NAME, UPDATED_AT) VALUES (37, '2019-04-12 05:44:24', 'DAI', 'dai^D', '2019-04-12 05:44:24');
INSERT INTO MAI_ROLE (ID, CREATED_AT, DESCRIPTION, NAME, UPDATED_AT) VALUES (38, '2019-04-12 05:44:24', 'DAI', 'dai^X', '2019-04-12 05:44:24');
INSERT INTO MAI_ROLE (ID, CREATED_AT, DESCRIPTION, NAME, UPDATED_AT) VALUES (39, '2019-04-12 05:44:24', 'Chat', 'fcd^R', '2019-04-12 05:44:24');
INSERT INTO MAI_ROLE (ID, CREATED_AT, DESCRIPTION, NAME, UPDATED_AT) VALUES (40, '2019-04-12 05:44:24', 'Engine', 'egn^C', '2019-04-12 05:44:24');
INSERT INTO MAI_ROLE (ID, CREATED_AT, DESCRIPTION, NAME, UPDATED_AT) VALUES (41, '2019-04-12 05:44:24', 'Engine', 'egn^R', '2019-04-12 05:44:24');
INSERT INTO MAI_ROLE (ID, CREATED_AT, DESCRIPTION, NAME, UPDATED_AT) VALUES (42, '2019-04-12 05:44:24', 'Engine', 'egn^U', '2019-04-12 05:44:24');
INSERT INTO MAI_ROLE (ID, CREATED_AT, DESCRIPTION, NAME, UPDATED_AT) VALUES (43, '2019-04-12 05:44:24', 'Engine', 'egn^D', '2019-04-12 05:44:24');
INSERT INTO MAI_ROLE (ID, CREATED_AT, DESCRIPTION, NAME, UPDATED_AT) VALUES (44, '2019-04-12 05:44:24', 'Satisfaction', 'stfc^R', '2019-04-12 05:44:24');
INSERT INTO MAI_ROLE (ID, CREATED_AT, DESCRIPTION, NAME, UPDATED_AT) VALUES (45, '2019-04-12 05:44:24', 'Accuracy', 'accr^R', '2019-04-12 05:44:24');
INSERT INTO MAI_ROLE (ID, CREATED_AT, DESCRIPTION, NAME, UPDATED_AT) VALUES (46, '2019-04-12 05:44:24', 'Accuracy', 'accr^U', '2019-04-12 05:44:24');
INSERT INTO MAI_ROLE (ID, CREATED_AT, DESCRIPTION, NAME, UPDATED_AT) VALUES (47, '2019-04-12 05:44:24', 'Accuracy', 'accr^D', '2019-04-12 05:44:24');
INSERT INTO MAI_ROLE (ID, CREATED_AT, DESCRIPTION, NAME, UPDATED_AT) VALUES (48, '2019-04-12 05:44:24', 'BasicQa', 'bqa^C', '2019-04-12 05:44:24');
INSERT INTO MAI_ROLE (ID, CREATED_AT, DESCRIPTION, NAME, UPDATED_AT) VALUES (49, '2019-04-12 05:44:24', 'BasicQa', 'bqa^R', '2019-04-12 05:44:24');
INSERT INTO MAI_ROLE (ID, CREATED_AT, DESCRIPTION, NAME, UPDATED_AT) VALUES (50, '2019-04-12 05:44:24', 'BasicQa', 'bqa^U', '2019-04-12 05:44:24');
INSERT INTO MAI_ROLE (ID, CREATED_AT, DESCRIPTION, NAME, UPDATED_AT) VALUES (51, '2019-04-12 05:44:24', 'BasicQa', 'bqa^D', '2019-04-12 05:44:24');
INSERT INTO MAI_ROLE (ID, CREATED_AT, DESCRIPTION, NAME, UPDATED_AT) VALUES (52, '2019-04-12 05:44:24', 'BasicQa', 'bqa^X', '2019-04-12 05:44:24');
INSERT INTO MAI_ROLE (ID, CREATED_AT, DESCRIPTION, NAME, UPDATED_AT) VALUES (53, '2019-04-12 05:44:24', 'BasicQa2', 'nqa^C', '2019-04-12 05:44:24');
INSERT INTO MAI_ROLE (ID, CREATED_AT, DESCRIPTION, NAME, UPDATED_AT) VALUES (54, '2019-04-12 05:44:24', 'BasicQa2', 'nqa^R', '2019-04-12 05:44:24');
INSERT INTO MAI_ROLE (ID, CREATED_AT, DESCRIPTION, NAME, UPDATED_AT) VALUES (55, '2019-04-12 05:44:24', 'BasicQa2', 'nqa^U', '2019-04-12 05:44:24');
INSERT INTO MAI_ROLE (ID, CREATED_AT, DESCRIPTION, NAME, UPDATED_AT) VALUES (56, '2019-04-12 05:44:24', 'BasicQa2', 'nqa^D', '2019-04-12 05:44:24');
INSERT INTO MAI_ROLE (ID, CREATED_AT, DESCRIPTION, NAME, UPDATED_AT) VALUES (57, '2019-04-12 05:44:24', 'BasicQa2', 'nqa^X', '2019-04-12 05:44:24');
INSERT INTO MAI_ROLE (ID, CREATED_AT, DESCRIPTION, NAME, UPDATED_AT) VALUES (58, '2019-04-12 05:44:24', 'Mlt-Dashboard', 'dashboard2^R', '2019-04-12 05:44:24');
INSERT INTO MAI_ROLE (ID, CREATED_AT, DESCRIPTION, NAME, UPDATED_AT) VALUES (59, '2019-04-12 05:44:24', 'Dictionary', 'dic^C', '2019-04-12 05:44:24');
INSERT INTO MAI_ROLE (ID, CREATED_AT, DESCRIPTION, NAME, UPDATED_AT) VALUES (60, '2019-04-12 05:44:24', 'Dictionary', 'dic^R', '2019-04-12 05:44:24');
INSERT INTO MAI_ROLE (ID, CREATED_AT, DESCRIPTION, NAME, UPDATED_AT) VALUES (61, '2019-04-12 05:44:24', 'Dictionary', 'dic^U', '2019-04-12 05:44:24');
INSERT INTO MAI_ROLE (ID, CREATED_AT, DESCRIPTION, NAME, UPDATED_AT) VALUES (62, '2019-04-12 05:44:24', 'Dictionary', 'dic^D', '2019-04-12 05:44:24');
INSERT INTO MAI_ROLE (ID, CREATED_AT, DESCRIPTION, NAME, UPDATED_AT) VALUES (63, '2019-04-12 05:44:24', 'Dictionary', 'dic^X', '2019-04-12 05:44:24');
INSERT INTO MAI_ROLE (ID, CREATED_AT, DESCRIPTION, NAME, UPDATED_AT) VALUES (64, '2019-04-12 05:44:24', 'Management', 'mgt^R', '2019-04-12 05:44:24');
INSERT INTO MAI_ROLE (ID, CREATED_AT, DESCRIPTION, NAME, UPDATED_AT) VALUES (65, '2019-04-12 05:44:24', 'MRC', 'mrc^C', '2019-04-12 05:44:24');
INSERT INTO MAI_ROLE (ID, CREATED_AT, DESCRIPTION, NAME, UPDATED_AT) VALUES (66, '2019-04-12 05:44:24', 'MRC', 'mrc^R', '2019-04-12 05:44:24');
INSERT INTO MAI_ROLE (ID, CREATED_AT, DESCRIPTION, NAME, UPDATED_AT) VALUES (67, '2019-04-12 05:44:24', 'MRC', 'mrc^U', '2019-04-12 05:44:24');
INSERT INTO MAI_ROLE (ID, CREATED_AT, DESCRIPTION, NAME, UPDATED_AT) VALUES (68, '2019-04-12 05:44:24', 'MRC', 'mrc^D', '2019-04-12 05:44:24');
INSERT INTO MAI_ROLE (ID, CREATED_AT, DESCRIPTION, NAME, UPDATED_AT) VALUES (69, '2019-04-12 05:44:24', 'MRC', 'mrc^X', '2019-04-12 05:44:24');
INSERT INTO MAI_ROLE (ID, CREATED_AT, DESCRIPTION, NAME, UPDATED_AT) VALUES (70, '2019-04-12 05:44:24', 'SDS', 'sds^C', '2019-04-12 05:44:24');
INSERT INTO MAI_ROLE (ID, CREATED_AT, DESCRIPTION, NAME, UPDATED_AT) VALUES (71, '2019-04-12 05:44:24', 'SDS', 'sds^R', '2019-04-12 05:44:24');
INSERT INTO MAI_ROLE (ID, CREATED_AT, DESCRIPTION, NAME, UPDATED_AT) VALUES (72, '2019-04-12 05:44:24', 'SDS', 'sds^U', '2019-04-12 05:44:24');
INSERT INTO MAI_ROLE (ID, CREATED_AT, DESCRIPTION, NAME, UPDATED_AT) VALUES (73, '2019-04-12 05:44:24', 'SDS', 'sds^D', '2019-04-12 05:44:24');
INSERT INTO MAI_ROLE (ID, CREATED_AT, DESCRIPTION, NAME, UPDATED_AT) VALUES (74, '2019-04-12 05:44:24', 'SDS', 'sds^X', '2019-04-12 05:44:24');
INSERT INTO MAI_ROLE (ID, CREATED_AT, DESCRIPTION, NAME, UPDATED_AT) VALUES (75, '2019-04-12 05:44:24', 'TWE', 'twe^C', '2019-04-12 05:44:24');
INSERT INTO MAI_ROLE (ID, CREATED_AT, DESCRIPTION, NAME, UPDATED_AT) VALUES (76, '2019-04-12 05:44:24', 'TWE', 'twe^R', '2019-04-12 05:44:24');
INSERT INTO MAI_ROLE (ID, CREATED_AT, DESCRIPTION, NAME, UPDATED_AT) VALUES (77, '2019-04-12 05:44:24', 'TWE', 'twe^D', '2019-04-12 05:44:24');
INSERT INTO MAI_ROLE (ID, CREATED_AT, DESCRIPTION, NAME, UPDATED_AT) VALUES (78, '2019-04-12 05:44:24', 'TA-Common', 'ta/common^C', '2019-04-12 05:44:24');
INSERT INTO MAI_ROLE (ID, CREATED_AT, DESCRIPTION, NAME, UPDATED_AT) VALUES (79, '2019-04-12 05:44:24', 'TA-Common', 'ta/common^R', '2019-04-12 05:44:24');
INSERT INTO MAI_ROLE (ID, CREATED_AT, DESCRIPTION, NAME, UPDATED_AT) VALUES (80, '2019-04-12 05:44:24', 'TA-Common', 'ta/common^U', '2019-04-12 05:44:24');
INSERT INTO MAI_ROLE (ID, CREATED_AT, DESCRIPTION, NAME, UPDATED_AT) VALUES (81, '2019-04-12 05:44:24', 'TA-Common', 'ta/common^D', '2019-04-12 05:44:24');
INSERT INTO MAI_ROLE (ID, CREATED_AT, DESCRIPTION, NAME, UPDATED_AT) VALUES (82, '2019-04-12 05:44:24', 'TA-Common', 'ta/common^X', '2019-04-12 05:44:24');
INSERT INTO MAI_ROLE (ID, CREATED_AT, DESCRIPTION, NAME, UPDATED_AT) VALUES (83, '2019-04-12 05:44:24', 'TA-DNN', 'ta/dnn^C', '2019-04-12 05:44:24');
INSERT INTO MAI_ROLE (ID, CREATED_AT, DESCRIPTION, NAME, UPDATED_AT) VALUES (84, '2019-04-12 05:44:24', 'TA-DNN', 'ta/dnn^R', '2019-04-12 05:44:24');
INSERT INTO MAI_ROLE (ID, CREATED_AT, DESCRIPTION, NAME, UPDATED_AT) VALUES (85, '2019-04-12 05:44:24', 'TA-DNN', 'ta/dnn^U', '2019-04-12 05:44:24');
INSERT INTO MAI_ROLE (ID, CREATED_AT, DESCRIPTION, NAME, UPDATED_AT) VALUES (86, '2019-04-12 05:44:24', 'TA-DNN', 'ta/dnn^D', '2019-04-12 05:44:24');
INSERT INTO MAI_ROLE (ID, CREATED_AT, DESCRIPTION, NAME, UPDATED_AT) VALUES (87, '2019-04-12 05:44:24', 'TA-DNN', 'ta/dnn^X', '2019-04-12 05:44:24');
INSERT INTO MAI_ROLE (ID, CREATED_AT, DESCRIPTION, NAME, UPDATED_AT) VALUES (88, '2019-04-12 05:44:24', 'TA-HMD', 'ta/hmd^C', '2019-04-12 05:44:24');
INSERT INTO MAI_ROLE (ID, CREATED_AT, DESCRIPTION, NAME, UPDATED_AT) VALUES (89, '2019-04-12 05:44:24', 'TA-HMD', 'ta/hmd^R', '2019-04-12 05:44:24');
INSERT INTO MAI_ROLE (ID, CREATED_AT, DESCRIPTION, NAME, UPDATED_AT) VALUES (90, '2019-04-12 05:44:24', 'TA-HMD', 'ta/hmd^U', '2019-04-12 05:44:24');
INSERT INTO MAI_ROLE (ID, CREATED_AT, DESCRIPTION, NAME, UPDATED_AT) VALUES (91, '2019-04-12 05:44:24', 'TA-HMD', 'ta/hmd^D', '2019-04-12 05:44:24');
INSERT INTO MAI_ROLE (ID, CREATED_AT, DESCRIPTION, NAME, UPDATED_AT) VALUES (92, '2019-04-12 05:44:24', 'TA-HMD', 'ta/hmd^X', '2019-04-12 05:44:24');
INSERT INTO MAI_ROLE (ID, CREATED_AT, DESCRIPTION, NAME, UPDATED_AT) VALUES (93, '2019-04-12 05:44:24', 'Paraphrase', 'paraphrase^C', '2019-04-12 05:44:24');
INSERT INTO MAI_ROLE (ID, CREATED_AT, DESCRIPTION, NAME, UPDATED_AT) VALUES (94, '2019-04-12 05:44:24', 'Paraphrase', 'paraphrase^R', '2019-04-12 05:44:24');
INSERT INTO MAI_ROLE (ID, CREATED_AT, DESCRIPTION, NAME, UPDATED_AT) VALUES (95, '2019-04-12 05:44:24', 'Paraphrase', 'paraphrase^U', '2019-04-12 05:44:24');
INSERT INTO MAI_ROLE (ID, CREATED_AT, DESCRIPTION, NAME, UPDATED_AT) VALUES (96, '2019-04-12 05:44:24', 'Paraphrase', 'paraphrase^D', '2019-04-12 05:44:24');
INSERT INTO MAI_ROLE (ID, CREATED_AT, DESCRIPTION, NAME, UPDATED_AT) VALUES (97, '2019-04-12 05:44:24', 'Paraphrase', 'paraphrase^X', '2019-04-12 05:44:24');
INSERT INTO MAI_ROLE (ID, CREATED_AT, DESCRIPTION, NAME, UPDATED_AT) VALUES (98, '2019-04-12 05:44:24', 'TA-XDC', 'ta/xdc^C', '2019-04-12 05:44:24');
INSERT INTO MAI_ROLE (ID, CREATED_AT, DESCRIPTION, NAME, UPDATED_AT) VALUES (99, '2019-04-12 05:44:24', 'TA-XDC', 'ta/xdc^R', '2019-04-12 05:44:24');
INSERT INTO MAI_ROLE (ID, CREATED_AT, DESCRIPTION, NAME, UPDATED_AT) VALUES (100, '2019-04-12 05:44:24', 'TA-XDC', 'ta/xdc^U', '2019-04-12 05:44:24');
INSERT INTO MAI_ROLE (ID, CREATED_AT, DESCRIPTION, NAME, UPDATED_AT) VALUES (101, '2019-04-12 05:44:24', 'TA-XDC', 'ta/xdc^D', '2019-04-12 05:44:24');
INSERT INTO MAI_ROLE (ID, CREATED_AT, DESCRIPTION, NAME, UPDATED_AT) VALUES (102, '2019-04-12 05:44:24', 'TA-XDC', 'ta/xdc^X', '2019-04-12 05:44:24');

INSERT INTO MAI_ROLE_MAPPING (ID, PRINCIPAL_TYPE, PRINCIPAL_ID, ROLE_ID) VALUES (1, 'USER', '1', 1);
INSERT INTO MAI_ROLE_MAPPING (ID, PRINCIPAL_TYPE, PRINCIPAL_ID, ROLE_ID) VALUES (2, 'USER', '2', 11);
INSERT INTO MAI_ROLE_MAPPING (ID, PRINCIPAL_TYPE, PRINCIPAL_ID, ROLE_ID) VALUES (3, 'USER', '2', 2);
INSERT INTO MAI_ROLE_MAPPING (ID, PRINCIPAL_TYPE, PRINCIPAL_ID, ROLE_ID) VALUES (4, 'USER', '2', 12);
INSERT INTO MAI_ROLE_MAPPING (ID, PRINCIPAL_TYPE, PRINCIPAL_ID, ROLE_ID) VALUES (5, 'USER', '2', 13);
INSERT INTO MAI_ROLE_MAPPING (ID, PRINCIPAL_TYPE, PRINCIPAL_ID, ROLE_ID) VALUES (6, 'USER', '2', 14);
INSERT INTO MAI_ROLE_MAPPING (ID, PRINCIPAL_TYPE, PRINCIPAL_ID, ROLE_ID) VALUES (7, 'USER', '2', 4);
INSERT INTO MAI_ROLE_MAPPING (ID, PRINCIPAL_TYPE, PRINCIPAL_ID, ROLE_ID) VALUES (8, 'USER', '2', 6);
INSERT INTO MAI_ROLE_MAPPING (ID, PRINCIPAL_TYPE, PRINCIPAL_ID, ROLE_ID) VALUES (9, 'USER', '2', 7);
INSERT INTO MAI_ROLE_MAPPING (ID, PRINCIPAL_TYPE, PRINCIPAL_ID, ROLE_ID) VALUES (10, 'USER', '2', 3);
INSERT INTO MAI_ROLE_MAPPING (ID, PRINCIPAL_TYPE, PRINCIPAL_ID, ROLE_ID) VALUES (11, 'USER', '2', 8);
INSERT INTO MAI_ROLE_MAPPING (ID, PRINCIPAL_TYPE, PRINCIPAL_ID, ROLE_ID) VALUES (12, 'USER', '2', 5);
INSERT INTO MAI_ROLE_MAPPING (ID, PRINCIPAL_TYPE, PRINCIPAL_ID, ROLE_ID) VALUES (13, 'USER', '2', 9);
INSERT INTO MAI_ROLE_MAPPING (ID, PRINCIPAL_TYPE, PRINCIPAL_ID, ROLE_ID) VALUES (14, 'USER', '2', 10);
INSERT INTO MAI_ROLE_MAPPING (ID, PRINCIPAL_TYPE, PRINCIPAL_ID, ROLE_ID) VALUES (15, 'USER', '2', 15);
INSERT INTO MAI_ROLE_MAPPING (ID, PRINCIPAL_TYPE, PRINCIPAL_ID, ROLE_ID) VALUES (16, 'USER', '2', 16);
INSERT INTO MAI_ROLE_MAPPING (ID, PRINCIPAL_TYPE, PRINCIPAL_ID, ROLE_ID) VALUES (17, 'USER', '2', 17);
INSERT INTO MAI_ROLE_MAPPING (ID, PRINCIPAL_TYPE, PRINCIPAL_ID, ROLE_ID) VALUES (18, 'USER', '2', 18);
INSERT INTO MAI_ROLE_MAPPING (ID, PRINCIPAL_TYPE, PRINCIPAL_ID, ROLE_ID) VALUES (19, 'USER', '2', 19);
INSERT INTO MAI_ROLE_MAPPING (ID, PRINCIPAL_TYPE, PRINCIPAL_ID, ROLE_ID) VALUES (20, 'USER', '2', 20);
INSERT INTO MAI_ROLE_MAPPING (ID, PRINCIPAL_TYPE, PRINCIPAL_ID, ROLE_ID) VALUES (21, 'USER', '2', 22);
INSERT INTO MAI_ROLE_MAPPING (ID, PRINCIPAL_TYPE, PRINCIPAL_ID, ROLE_ID) VALUES (22, 'USER', '2', 23);
INSERT INTO MAI_ROLE_MAPPING (ID, PRINCIPAL_TYPE, PRINCIPAL_ID, ROLE_ID) VALUES (23, 'USER', '2', 21);
INSERT INTO MAI_ROLE_MAPPING (ID, PRINCIPAL_TYPE, PRINCIPAL_ID, ROLE_ID) VALUES (24, 'USER', '2', 24);
INSERT INTO MAI_ROLE_MAPPING (ID, PRINCIPAL_TYPE, PRINCIPAL_ID, ROLE_ID) VALUES (25, 'USER', '2', 25);
INSERT INTO MAI_ROLE_MAPPING (ID, PRINCIPAL_TYPE, PRINCIPAL_ID, ROLE_ID) VALUES (26, 'USER', '2', 26);
INSERT INTO MAI_ROLE_MAPPING (ID, PRINCIPAL_TYPE, PRINCIPAL_ID, ROLE_ID) VALUES (27, 'USER', '2', 27);
INSERT INTO MAI_ROLE_MAPPING (ID, PRINCIPAL_TYPE, PRINCIPAL_ID, ROLE_ID) VALUES (28, 'USER', '2', 28);
INSERT INTO MAI_ROLE_MAPPING (ID, PRINCIPAL_TYPE, PRINCIPAL_ID, ROLE_ID) VALUES (29, 'USER', '2', 29);
INSERT INTO MAI_ROLE_MAPPING (ID, PRINCIPAL_TYPE, PRINCIPAL_ID, ROLE_ID) VALUES (30, 'USER', '2', 30);
INSERT INTO MAI_ROLE_MAPPING (ID, PRINCIPAL_TYPE, PRINCIPAL_ID, ROLE_ID) VALUES (31, 'USER', '2', 31);
INSERT INTO MAI_ROLE_MAPPING (ID, PRINCIPAL_TYPE, PRINCIPAL_ID, ROLE_ID) VALUES (32, 'USER', '2', 32);
INSERT INTO MAI_ROLE_MAPPING (ID, PRINCIPAL_TYPE, PRINCIPAL_ID, ROLE_ID) VALUES (33, 'USER', '2', 33);
INSERT INTO MAI_ROLE_MAPPING (ID, PRINCIPAL_TYPE, PRINCIPAL_ID, ROLE_ID) VALUES (34, 'USER', '2', 34);
INSERT INTO MAI_ROLE_MAPPING (ID, PRINCIPAL_TYPE, PRINCIPAL_ID, ROLE_ID) VALUES (35, 'USER', '2', 35);
INSERT INTO MAI_ROLE_MAPPING (ID, PRINCIPAL_TYPE, PRINCIPAL_ID, ROLE_ID) VALUES (36, 'USER', '2', 36);
INSERT INTO MAI_ROLE_MAPPING (ID, PRINCIPAL_TYPE, PRINCIPAL_ID, ROLE_ID) VALUES (37, 'USER', '2', 37);
INSERT INTO MAI_ROLE_MAPPING (ID, PRINCIPAL_TYPE, PRINCIPAL_ID, ROLE_ID) VALUES (38, 'USER', '2', 38);
INSERT INTO MAI_ROLE_MAPPING (ID, PRINCIPAL_TYPE, PRINCIPAL_ID, ROLE_ID) VALUES (39, 'USER', '2', 39);
INSERT INTO MAI_ROLE_MAPPING (ID, PRINCIPAL_TYPE, PRINCIPAL_ID, ROLE_ID) VALUES (40, 'USER', '2', 40);
INSERT INTO MAI_ROLE_MAPPING (ID, PRINCIPAL_TYPE, PRINCIPAL_ID, ROLE_ID) VALUES (41, 'USER', '2', 41);
INSERT INTO MAI_ROLE_MAPPING (ID, PRINCIPAL_TYPE, PRINCIPAL_ID, ROLE_ID) VALUES (42, 'USER', '2', 42);
INSERT INTO MAI_ROLE_MAPPING (ID, PRINCIPAL_TYPE, PRINCIPAL_ID, ROLE_ID) VALUES (43, 'USER', '2', 43);
INSERT INTO MAI_ROLE_MAPPING (ID, PRINCIPAL_TYPE, PRINCIPAL_ID, ROLE_ID) VALUES (44, 'USER', '3', 24);
INSERT INTO MAI_ROLE_MAPPING (ID, PRINCIPAL_TYPE, PRINCIPAL_ID, ROLE_ID) VALUES (45, 'USER', '3', 25);
INSERT INTO MAI_ROLE_MAPPING (ID, PRINCIPAL_TYPE, PRINCIPAL_ID, ROLE_ID) VALUES (46, 'USER', '3', 27);
INSERT INTO MAI_ROLE_MAPPING (ID, PRINCIPAL_TYPE, PRINCIPAL_ID, ROLE_ID) VALUES (47, 'USER', '3', 2);
INSERT INTO MAI_ROLE_MAPPING (ID, PRINCIPAL_TYPE, PRINCIPAL_ID, ROLE_ID) VALUES (48, 'USER', '3', 3);
INSERT INTO MAI_ROLE_MAPPING (ID, PRINCIPAL_TYPE, PRINCIPAL_ID, ROLE_ID) VALUES (49, 'USER', '3', 6);
INSERT INTO MAI_ROLE_MAPPING (ID, PRINCIPAL_TYPE, PRINCIPAL_ID, ROLE_ID) VALUES (50, 'USER', '3', 11);
INSERT INTO MAI_ROLE_MAPPING (ID, PRINCIPAL_TYPE, PRINCIPAL_ID, ROLE_ID) VALUES (51, 'USER', '3', 16);
INSERT INTO MAI_ROLE_MAPPING (ID, PRINCIPAL_TYPE, PRINCIPAL_ID, ROLE_ID) VALUES (52, 'USER', '3', 19);
INSERT INTO MAI_ROLE_MAPPING (ID, PRINCIPAL_TYPE, PRINCIPAL_ID, ROLE_ID) VALUES (53, 'USER', '3', 21);
INSERT INTO MAI_ROLE_MAPPING (ID, PRINCIPAL_TYPE, PRINCIPAL_ID, ROLE_ID) VALUES (54, 'USER', '3', 31);
INSERT INTO MAI_ROLE_MAPPING (ID, PRINCIPAL_TYPE, PRINCIPAL_ID, ROLE_ID) VALUES (55, 'USER', '3', 35);
INSERT INTO MAI_ROLE_MAPPING (ID, PRINCIPAL_TYPE, PRINCIPAL_ID, ROLE_ID) VALUES (56, 'USER', '3', 37);
INSERT INTO MAI_ROLE_MAPPING (ID, PRINCIPAL_TYPE, PRINCIPAL_ID, ROLE_ID) VALUES (57, 'USER', '3', 40);
INSERT INTO MAI_ROLE_MAPPING (ID, PRINCIPAL_TYPE, PRINCIPAL_ID, ROLE_ID) VALUES (58, 'USER', '3', 41);

INSERT INTO MAI_GROUP (ID, DESCRIPTION, NAME, OWNER_ID) VALUES (1, 'u5kvpiq58h9  crg3l 4xt aug4aa.', 'eljecqmg9y', '1');

INSERT INTO MAI_GROUP_MEMBER (ID, DESCRIPTION, GROUP_ID, ROLE, STATE, USER_ID) VALUES (1, null, 1, 'owner', 'accepted', '1');
INSERT INTO MAI_GROUP_MEMBER (ID, DESCRIPTION, GROUP_ID, ROLE, STATE, USER_ID) VALUES (2, null, 1, 'member', 'accepted', '2');
INSERT INTO MAI_GROUP_MEMBER (ID, DESCRIPTION, GROUP_ID, ROLE, STATE, USER_ID) VALUES (3, null, 1, 'member', 'accepted', '3');

INSERT INTO MAI_ACL (ID, ACCESS_TYPE, MODEL, PERMISSION, PRINCIPAL_ID, PRINCIPAL_TYPE, PROPERTY) VALUES (1, '*', 'Grpc', 'ALLOW', 'dashboard^R', 'ROLE', 'getChatbotAllList');
INSERT INTO MAI_ACL (ID, ACCESS_TYPE, MODEL, PERMISSION, PRINCIPAL_ID, PRINCIPAL_TYPE, PROPERTY) VALUES (2, '*', 'Grpc', 'ALLOW', 'dashboard^R', 'ROLE', 'getMyChatbotAllList');
INSERT INTO MAI_ACL (ID, ACCESS_TYPE, MODEL, PERMISSION, PRINCIPAL_ID, PRINCIPAL_TYPE, PROPERTY) VALUES (3, '*', 'Grpc', 'ALLOW', 'dashboard^R', 'ROLE', 'getSupervisorServerGroupList');
INSERT INTO MAI_ACL (ID, ACCESS_TYPE, MODEL, PERMISSION, PRINCIPAL_ID, PRINCIPAL_TYPE, PROPERTY) VALUES (4, '*', 'Grpc', 'ALLOW', 'dam^R', 'ROLE', 'getDialogAgentManagerAllList');
INSERT INTO MAI_ACL (ID, ACCESS_TYPE, MODEL, PERMISSION, PRINCIPAL_ID, PRINCIPAL_TYPE, PROPERTY) VALUES (5, '*', 'Grpc', 'ALLOW', 'dam^R', 'ROLE', 'getDialogAgentManagerInfo');
INSERT INTO MAI_ACL (ID, ACCESS_TYPE, MODEL, PERMISSION, PRINCIPAL_ID, PRINCIPAL_TYPE, PROPERTY) VALUES (6, '*', 'Grpc', 'ALLOW', 'dam^R', 'ROLE', 'getDialogAgentManagerList');
INSERT INTO MAI_ACL (ID, ACCESS_TYPE, MODEL, PERMISSION, PRINCIPAL_ID, PRINCIPAL_TYPE, PROPERTY) VALUES (7, '*', 'Grpc', 'ALLOW', 'dam^C', 'ROLE', 'insertDialogAgentManagerInfo');
INSERT INTO MAI_ACL (ID, ACCESS_TYPE, MODEL, PERMISSION, PRINCIPAL_ID, PRINCIPAL_TYPE, PROPERTY) VALUES (8, '*', 'Grpc', 'ALLOW', 'dam^R', 'ROLE', 'getDialogAgentWithDialogAgentInstanceList');
INSERT INTO MAI_ACL (ID, ACCESS_TYPE, MODEL, PERMISSION, PRINCIPAL_ID, PRINCIPAL_TYPE, PROPERTY) VALUES (9, '*', 'Grpc', 'ALLOW', 'dam^U', 'ROLE', 'updateDialogAgentManagerInfo');
INSERT INTO MAI_ACL (ID, ACCESS_TYPE, MODEL, PERMISSION, PRINCIPAL_ID, PRINCIPAL_TYPE, PROPERTY) VALUES (10, '*', 'Grpc', 'ALLOW', 'dam^D', 'ROLE', 'deleteDialogAgentManager');
INSERT INTO MAI_ACL (ID, ACCESS_TYPE, MODEL, PERMISSION, PRINCIPAL_ID, PRINCIPAL_TYPE, PROPERTY) VALUES (11, '*', 'Grpc', 'ALLOW', 'dam^X', 'ROLE', 'stopDialogAgentManager');
INSERT INTO MAI_ACL (ID, ACCESS_TYPE, MODEL, PERMISSION, PRINCIPAL_ID, PRINCIPAL_TYPE, PROPERTY) VALUES (12, '*', 'Grpc', 'ALLOW', 'dam^X', 'ROLE', 'startDialogAgentManager');
INSERT INTO MAI_ACL (ID, ACCESS_TYPE, MODEL, PERMISSION, PRINCIPAL_ID, PRINCIPAL_TYPE, PROPERTY) VALUES (13, '*', 'Grpc', 'ALLOW', 'dam^X', 'ROLE', 'restartDialogAgentManager');
INSERT INTO MAI_ACL (ID, ACCESS_TYPE, MODEL, PERMISSION, PRINCIPAL_ID, PRINCIPAL_TYPE, PROPERTY) VALUES (14, '*', 'Grpc', 'ALLOW', 'da^R', 'ROLE', 'getDialogAgentAllList');
INSERT INTO MAI_ACL (ID, ACCESS_TYPE, MODEL, PERMISSION, PRINCIPAL_ID, PRINCIPAL_TYPE, PROPERTY) VALUES (15, '*', 'Grpc', 'ALLOW', 'da^R', 'ROLE', 'getDialogAgentInfo');
INSERT INTO MAI_ACL (ID, ACCESS_TYPE, MODEL, PERMISSION, PRINCIPAL_ID, PRINCIPAL_TYPE, PROPERTY) VALUES (16, '*', 'Grpc', 'ALLOW', 'da^R', 'ROLE', 'getDialogAgentActivationInfoList');
INSERT INTO MAI_ACL (ID, ACCESS_TYPE, MODEL, PERMISSION, PRINCIPAL_ID, PRINCIPAL_TYPE, PROPERTY) VALUES (17, '*', 'Grpc', 'ALLOW', 'da^C', 'ROLE', 'insertDialogAgentInfo');
INSERT INTO MAI_ACL (ID, ACCESS_TYPE, MODEL, PERMISSION, PRINCIPAL_ID, PRINCIPAL_TYPE, PROPERTY) VALUES (18, '*', 'Grpc', 'ALLOW', 'da^U', 'ROLE', 'updateDialogAgentInfo');
INSERT INTO MAI_ACL (ID, ACCESS_TYPE, MODEL, PERMISSION, PRINCIPAL_ID, PRINCIPAL_TYPE, PROPERTY) VALUES (19, '*', 'Grpc', 'ALLOW', 'da^D', 'ROLE', 'deleteDialogAgent');
INSERT INTO MAI_ACL (ID, ACCESS_TYPE, MODEL, PERMISSION, PRINCIPAL_ID, PRINCIPAL_TYPE, PROPERTY) VALUES (20, '*', 'Grpc', 'ALLOW', 'da^R', 'ROLE', 'getRuntimeParameters');
INSERT INTO MAI_ACL (ID, ACCESS_TYPE, MODEL, PERMISSION, PRINCIPAL_ID, PRINCIPAL_TYPE, PROPERTY) VALUES (21, '*', 'Grpc', 'ALLOW', 'da^R', 'ROLE', 'getUserAttributes');
INSERT INTO MAI_ACL (ID, ACCESS_TYPE, MODEL, PERMISSION, PRINCIPAL_ID, PRINCIPAL_TYPE, PROPERTY) VALUES (22, '*', 'Grpc', 'ALLOW', 'da^R', 'ROLE', 'getExecutableDA');
INSERT INTO MAI_ACL (ID, ACCESS_TYPE, MODEL, PERMISSION, PRINCIPAL_ID, PRINCIPAL_TYPE, PROPERTY) VALUES (23, '*', 'Grpc', 'ALLOW', 'da^X', 'ROLE', 'stopDialogAgent');
INSERT INTO MAI_ACL (ID, ACCESS_TYPE, MODEL, PERMISSION, PRINCIPAL_ID, PRINCIPAL_TYPE, PROPERTY) VALUES (24, '*', 'Grpc', 'ALLOW', 'da^X', 'ROLE', 'startDialogAgent');
INSERT INTO MAI_ACL (ID, ACCESS_TYPE, MODEL, PERMISSION, PRINCIPAL_ID, PRINCIPAL_TYPE, PROPERTY) VALUES (25, '*', 'Grpc', 'ALLOW', 'da^X', 'ROLE', 'restartDialogAgent');
INSERT INTO MAI_ACL (ID, ACCESS_TYPE, MODEL, PERMISSION, PRINCIPAL_ID, PRINCIPAL_TYPE, PROPERTY) VALUES (26, '*', 'Grpc', 'ALLOW', 'chbt^R', 'ROLE', 'getChatbotAllList');
INSERT INTO MAI_ACL (ID, ACCESS_TYPE, MODEL, PERMISSION, PRINCIPAL_ID, PRINCIPAL_TYPE, PROPERTY) VALUES (27, '*', 'Grpc', 'ALLOW', 'chbt^R', 'ROLE', 'getMyChatbotAllList');
INSERT INTO MAI_ACL (ID, ACCESS_TYPE, MODEL, PERMISSION, PRINCIPAL_ID, PRINCIPAL_TYPE, PROPERTY) VALUES (28, '*', 'Grpc', 'ALLOW', 'chbt^R', 'ROLE', 'getChatbotInfo');
INSERT INTO MAI_ACL (ID, ACCESS_TYPE, MODEL, PERMISSION, PRINCIPAL_ID, PRINCIPAL_TYPE, PROPERTY) VALUES (29, '*', 'Grpc', 'ALLOW', 'chbt^C', 'ROLE', 'insertChatbotInfo');
INSERT INTO MAI_ACL (ID, ACCESS_TYPE, MODEL, PERMISSION, PRINCIPAL_ID, PRINCIPAL_TYPE, PROPERTY) VALUES (30, '*', 'Grpc', 'ALLOW', 'chbt^U', 'ROLE', 'updateChatbotInfo');
INSERT INTO MAI_ACL (ID, ACCESS_TYPE, MODEL, PERMISSION, PRINCIPAL_ID, PRINCIPAL_TYPE, PROPERTY) VALUES (31, '*', 'Grpc', 'ALLOW', 'chbt^D', 'ROLE', 'deleteChatbot');
INSERT INTO MAI_ACL (ID, ACCESS_TYPE, MODEL, PERMISSION, PRINCIPAL_ID, PRINCIPAL_TYPE, PROPERTY) VALUES (32, '*', 'Grpc', 'ALLOW', 'sc^R', 'ROLE', 'getSimpleClassifierAllList');
INSERT INTO MAI_ACL (ID, ACCESS_TYPE, MODEL, PERMISSION, PRINCIPAL_ID, PRINCIPAL_TYPE, PROPERTY) VALUES (33, '*', 'Grpc', 'ALLOW', 'sc^R', 'ROLE', 'getSimpleClassifierInfo');
INSERT INTO MAI_ACL (ID, ACCESS_TYPE, MODEL, PERMISSION, PRINCIPAL_ID, PRINCIPAL_TYPE, PROPERTY) VALUES (34, '*', 'Grpc', 'ALLOW', 'sc^C', 'ROLE', 'insertSimpleClassifierInfo');
INSERT INTO MAI_ACL (ID, ACCESS_TYPE, MODEL, PERMISSION, PRINCIPAL_ID, PRINCIPAL_TYPE, PROPERTY) VALUES (35, '*', 'Grpc', 'ALLOW', 'sc^U', 'ROLE', 'updateSimpleClassifierInfo');
INSERT INTO MAI_ACL (ID, ACCESS_TYPE, MODEL, PERMISSION, PRINCIPAL_ID, PRINCIPAL_TYPE, PROPERTY) VALUES (36, '*', 'Grpc', 'ALLOW', 'sc^D', 'ROLE', 'deleteSimpleClassifier');
INSERT INTO MAI_ACL (ID, ACCESS_TYPE, MODEL, PERMISSION, PRINCIPAL_ID, PRINCIPAL_TYPE, PROPERTY) VALUES (37, '*', 'Grpc', 'ALLOW', 'dai^R', 'ROLE', 'getDialogAgentInstanceAllList');
INSERT INTO MAI_ACL (ID, ACCESS_TYPE, MODEL, PERMISSION, PRINCIPAL_ID, PRINCIPAL_TYPE, PROPERTY) VALUES (38, '*', 'Grpc', 'ALLOW', 'dai^R', 'ROLE', 'getDialogAgentInstanceByChatbotName');
INSERT INTO MAI_ACL (ID, ACCESS_TYPE, MODEL, PERMISSION, PRINCIPAL_ID, PRINCIPAL_TYPE, PROPERTY) VALUES (39, '*', 'Grpc', 'ALLOW', 'dai^R', 'ROLE', 'getDialogAgentInstanceInfo');
INSERT INTO MAI_ACL (ID, ACCESS_TYPE, MODEL, PERMISSION, PRINCIPAL_ID, PRINCIPAL_TYPE, PROPERTY) VALUES (40, '*', 'Grpc', 'ALLOW', 'dai^R', 'ROLE', 'getDialogAgentInstanceResourceList');
INSERT INTO MAI_ACL (ID, ACCESS_TYPE, MODEL, PERMISSION, PRINCIPAL_ID, PRINCIPAL_TYPE, PROPERTY) VALUES (41, '*', 'Grpc', 'ALLOW', 'dai^C', 'ROLE', 'insertDialogAgentInstanceInfo');
INSERT INTO MAI_ACL (ID, ACCESS_TYPE, MODEL, PERMISSION, PRINCIPAL_ID, PRINCIPAL_TYPE, PROPERTY) VALUES (42, '*', 'Grpc', 'ALLOW', 'dai^U', 'ROLE', 'updateDialogAgentInstanceInfo');
INSERT INTO MAI_ACL (ID, ACCESS_TYPE, MODEL, PERMISSION, PRINCIPAL_ID, PRINCIPAL_TYPE, PROPERTY) VALUES (43, '*', 'Grpc', 'ALLOW', 'dai^D', 'ROLE', 'deleteDialogAgentInstance');
INSERT INTO MAI_ACL (ID, ACCESS_TYPE, MODEL, PERMISSION, PRINCIPAL_ID, PRINCIPAL_TYPE, PROPERTY) VALUES (44, '*', 'Grpc', 'ALLOW', 'dai^X', 'ROLE', 'stopDialogAgentInstance');
INSERT INTO MAI_ACL (ID, ACCESS_TYPE, MODEL, PERMISSION, PRINCIPAL_ID, PRINCIPAL_TYPE, PROPERTY) VALUES (45, '*', 'Grpc', 'ALLOW', 'dai^X', 'ROLE', 'startDialogAgentInstance');
INSERT INTO MAI_ACL (ID, ACCESS_TYPE, MODEL, PERMISSION, PRINCIPAL_ID, PRINCIPAL_TYPE, PROPERTY) VALUES (46, '*', 'Grpc', 'ALLOW', 'dai^X', 'ROLE', 'restartDialogAgentInstance');
INSERT INTO MAI_ACL (ID, ACCESS_TYPE, MODEL, PERMISSION, PRINCIPAL_ID, PRINCIPAL_TYPE, PROPERTY) VALUES (47, '*', 'Grpc', 'ALLOW', 'itf^R', 'ROLE', 'getIntentFinderPolicyAllList');
INSERT INTO MAI_ACL (ID, ACCESS_TYPE, MODEL, PERMISSION, PRINCIPAL_ID, PRINCIPAL_TYPE, PROPERTY) VALUES (48, '*', 'Grpc', 'ALLOW', 'itf^R', 'ROLE', 'getIntentFinderPolicyInfo');
INSERT INTO MAI_ACL (ID, ACCESS_TYPE, MODEL, PERMISSION, PRINCIPAL_ID, PRINCIPAL_TYPE, PROPERTY) VALUES (49, '*', 'Grpc', 'ALLOW', 'itf^C', 'ROLE', 'insertIntentFinderPolicyInfo');
INSERT INTO MAI_ACL (ID, ACCESS_TYPE, MODEL, PERMISSION, PRINCIPAL_ID, PRINCIPAL_TYPE, PROPERTY) VALUES (50, '*', 'Grpc', 'ALLOW', 'itf^U', 'ROLE', 'updateIntentFinderPolicyInfo');
INSERT INTO MAI_ACL (ID, ACCESS_TYPE, MODEL, PERMISSION, PRINCIPAL_ID, PRINCIPAL_TYPE, PROPERTY) VALUES (51, '*', 'Grpc', 'ALLOW', 'itf^D', 'ROLE', 'deleteIntentFinderPolicies');
INSERT INTO MAI_ACL (ID, ACCESS_TYPE, MODEL, PERMISSION, PRINCIPAL_ID, PRINCIPAL_TYPE, PROPERTY) VALUES (52, '*', 'Grpc', 'ALLOW', 'aupl^R', 'ROLE', 'getAuthticationPolicyAllList');
INSERT INTO MAI_ACL (ID, ACCESS_TYPE, MODEL, PERMISSION, PRINCIPAL_ID, PRINCIPAL_TYPE, PROPERTY) VALUES (53, '*', 'Grpc', 'ALLOW', 'svd^R', 'ROLE', 'getSupervisorServerGroupList');
INSERT INTO MAI_ACL (ID, ACCESS_TYPE, MODEL, PERMISSION, PRINCIPAL_ID, PRINCIPAL_TYPE, PROPERTY) VALUES (54, '*', 'Grpc', 'ALLOW', 'svd^X', 'ROLE', 'startSupervisorProcess');
INSERT INTO MAI_ACL (ID, ACCESS_TYPE, MODEL, PERMISSION, PRINCIPAL_ID, PRINCIPAL_TYPE, PROPERTY) VALUES (55, '*', 'Grpc', 'ALLOW', 'svd^X', 'ROLE', 'stopSupervisorProcess');
INSERT INTO MAI_ACL (ID, ACCESS_TYPE, MODEL, PERMISSION, PRINCIPAL_ID, PRINCIPAL_TYPE, PROPERTY) VALUES (56, '*', 'Grpc', 'ALLOW', 'fcd^R', 'ROLE', 'getFacadeChatbots');
INSERT INTO MAI_ACL (ID, ACCESS_TYPE, MODEL, PERMISSION, PRINCIPAL_ID, PRINCIPAL_TYPE, PROPERTY) VALUES (57, '*', 'Grpc', 'ALLOW', 'fcd^R', 'ROLE', 'openDialogService');
INSERT INTO MAI_ACL (ID, ACCESS_TYPE, MODEL, PERMISSION, PRINCIPAL_ID, PRINCIPAL_TYPE, PROPERTY) VALUES (58, '*', 'Grpc', 'ALLOW', 'fcd^R', 'ROLE', 'sendSimpleTextTalk');
INSERT INTO MAI_ACL (ID, ACCESS_TYPE, MODEL, PERMISSION, PRINCIPAL_ID, PRINCIPAL_TYPE, PROPERTY) VALUES (59, '*', 'Grpc', 'ALLOW', 'fcd^R', 'ROLE', 'sendTalkAnalyze');
INSERT INTO MAI_ACL (ID, ACCESS_TYPE, MODEL, PERMISSION, PRINCIPAL_ID, PRINCIPAL_TYPE, PROPERTY) VALUES (60, '*', 'Grpc', 'ALLOW', 'fcd^R', 'ROLE', 'closeDialogService');
INSERT INTO MAI_ACL (ID, ACCESS_TYPE, MODEL, PERMISSION, PRINCIPAL_ID, PRINCIPAL_TYPE, PROPERTY) VALUES (61, '*', 'Grpc', 'ALLOW', 'ta^R', 'ROLE', 'findClassifierResolverModel');
INSERT INTO MAI_ACL (ID, ACCESS_TYPE, MODEL, PERMISSION, PRINCIPAL_ID, PRINCIPAL_TYPE, PROPERTY) VALUES (62, '*', 'Grpc', 'ALLOW', 'ta^R', 'ROLE', 'getClassifierResolverModels');
INSERT INTO MAI_ACL (ID, ACCESS_TYPE, MODEL, PERMISSION, PRINCIPAL_ID, PRINCIPAL_TYPE, PROPERTY) VALUES (63, '*', 'Grpc', 'ALLOW', 'ta^R', 'ROLE', 'getClassifierResolverServers');
INSERT INTO MAI_ACL (ID, ACCESS_TYPE, MODEL, PERMISSION, PRINCIPAL_ID, PRINCIPAL_TYPE, PROPERTY) VALUES (64, '*', 'Grpc', 'ALLOW', 'ta^R', 'ROLE', 'getClassifierResolverModelCategories');
INSERT INTO MAI_ACL (ID, ACCESS_TYPE, MODEL, PERMISSION, PRINCIPAL_ID, PRINCIPAL_TYPE, PROPERTY) VALUES (65, '*', 'Grpc', 'ALLOW', 'stt^R', 'ROLE', 'getSTTModels');
INSERT INTO MAI_ACL (ID, ACCESS_TYPE, MODEL, PERMISSION, PRINCIPAL_ID, PRINCIPAL_TYPE, PROPERTY) VALUES (66, '*', 'Grpc', 'ALLOW', 'itf^R', 'ROLE', 'getIntentFinderInstanceList');
INSERT INTO MAI_ACL (ID, ACCESS_TYPE, MODEL, PERMISSION, PRINCIPAL_ID, PRINCIPAL_TYPE, PROPERTY) VALUES (67, '*', 'Grpc', 'ALLOW', 'itf^R', 'ROLE', 'getIntentFinderInstanceInfo');
INSERT INTO MAI_ACL (ID, ACCESS_TYPE, MODEL, PERMISSION, PRINCIPAL_ID, PRINCIPAL_TYPE, PROPERTY) VALUES (68, '*', 'Grpc', 'ALLOW', 'itf^C', 'ROLE', 'insertIntentFinderInstance');
INSERT INTO MAI_ACL (ID, ACCESS_TYPE, MODEL, PERMISSION, PRINCIPAL_ID, PRINCIPAL_TYPE, PROPERTY) VALUES (69, '*', 'Grpc', 'ALLOW', 'itf^U', 'ROLE', 'updateIntentFinderInstance');
INSERT INTO MAI_ACL (ID, ACCESS_TYPE, MODEL, PERMISSION, PRINCIPAL_ID, PRINCIPAL_TYPE, PROPERTY) VALUES (70, '*', 'Grpc', 'ALLOW', 'itf^D', 'ROLE', 'deleteIntentFinderInstances');
INSERT INTO MAI_ACL (ID, ACCESS_TYPE, MODEL, PERMISSION, PRINCIPAL_ID, PRINCIPAL_TYPE, PROPERTY) VALUES (71, '*', 'Grpc', 'ALLOW', 'ta/xdc^R', 'ROLE', 'getXdcDicAllList');
INSERT INTO MAI_ACL (ID, ACCESS_TYPE, MODEL, PERMISSION, PRINCIPAL_ID, PRINCIPAL_TYPE, PROPERTY) VALUES (72, '*', 'Grpc', 'ALLOW', 'ta/xdc^R', 'ROLE', 'getXdcCategoryAllList');
INSERT INTO MAI_ACL (ID, ACCESS_TYPE, MODEL, PERMISSION, PRINCIPAL_ID, PRINCIPAL_TYPE, PROPERTY) VALUES (73, '*', 'Grpc', 'ALLOW', 'ta/xdc^C', 'ROLE', 'insertCategory');
INSERT INTO MAI_ACL (ID, ACCESS_TYPE, MODEL, PERMISSION, PRINCIPAL_ID, PRINCIPAL_TYPE, PROPERTY) VALUES (74, '*', 'Grpc', 'ALLOW', 'ta/xdc^U', 'ROLE', 'updateCategory');
INSERT INTO MAI_ACL (ID, ACCESS_TYPE, MODEL, PERMISSION, PRINCIPAL_ID, PRINCIPAL_TYPE, PROPERTY) VALUES (75, '*', 'Grpc', 'ALLOW', 'ta/xdc^D', 'ROLE', 'deleteCategory');
INSERT INTO MAI_ACL (ID, ACCESS_TYPE, MODEL, PERMISSION, PRINCIPAL_ID, PRINCIPAL_TYPE, PROPERTY) VALUES (76, '*', 'Grpc', 'ALLOW', 'ta/xdc^R', 'ROLE', 'getAllDicLines');
INSERT INTO MAI_ACL (ID, ACCESS_TYPE, MODEL, PERMISSION, PRINCIPAL_ID, PRINCIPAL_TYPE, PROPERTY) VALUES (77, '*', 'Grpc', 'ALLOW', 'ta/xdc^R', 'ROLE', 'getDuplicatesLines');
INSERT INTO MAI_ACL (ID, ACCESS_TYPE, MODEL, PERMISSION, PRINCIPAL_ID, PRINCIPAL_TYPE, PROPERTY) VALUES (78, '*', 'Grpc', 'ALLOW', 'ta/xdc^D', 'ROLE', 'deleteDuplicatesLines');
INSERT INTO MAI_ACL (ID, ACCESS_TYPE, MODEL, PERMISSION, PRINCIPAL_ID, PRINCIPAL_TYPE, PROPERTY) VALUES (79, '*', 'Grpc', 'ALLOW', 'ta/xdc^C', 'ROLE', 'insertLine');
INSERT INTO MAI_ACL (ID, ACCESS_TYPE, MODEL, PERMISSION, PRINCIPAL_ID, PRINCIPAL_TYPE, PROPERTY) VALUES (80, '*', 'Grpc', 'ALLOW', 'ta/xdc^D', 'ROLE', 'deleteLines');
INSERT INTO MAI_ACL (ID, ACCESS_TYPE, MODEL, PERMISSION, PRINCIPAL_ID, PRINCIPAL_TYPE, PROPERTY) VALUES (81, '*', 'Grpc', 'ALLOW', 'ta/xdc^C', 'ROLE', 'insertFile');
INSERT INTO MAI_ACL (ID, ACCESS_TYPE, MODEL, PERMISSION, PRINCIPAL_ID, PRINCIPAL_TYPE, PROPERTY) VALUES (82, '*', 'Grpc', 'ALLOW', 'ta/xdc^U', 'ROLE', 'commit');
INSERT INTO MAI_ACL (ID, ACCESS_TYPE, MODEL, PERMISSION, PRINCIPAL_ID, PRINCIPAL_TYPE, PROPERTY) VALUES (83, '*', 'Grpc', 'ALLOW', 'ta/xdc^R', 'ROLE', 'getCommitList');
INSERT INTO MAI_ACL (ID, ACCESS_TYPE, MODEL, PERMISSION, PRINCIPAL_ID, PRINCIPAL_TYPE, PROPERTY) VALUES (84, '*', 'Grpc', 'ALLOW', 'ta/xdc^R', 'ROLE', 'getDiff');
INSERT INTO MAI_ACL (ID, ACCESS_TYPE, MODEL, PERMISSION, PRINCIPAL_ID, PRINCIPAL_TYPE, PROPERTY) VALUES (85, '*', 'Grpc', 'ALLOW', 'ta/xdc^R', 'ROLE', 'getFileByCommit');
INSERT INTO MAI_ACL (ID, ACCESS_TYPE, MODEL, PERMISSION, PRINCIPAL_ID, PRINCIPAL_TYPE, PROPERTY) VALUES (86, '*', 'Grpc', 'ALLOW', 'ta/dnn^R', 'ROLE', 'getDnnDicAllList');
INSERT INTO MAI_ACL (ID, ACCESS_TYPE, MODEL, PERMISSION, PRINCIPAL_ID, PRINCIPAL_TYPE, PROPERTY) VALUES (87, '*', 'Grpc', 'ALLOW', 'ta/dnn^R', 'ROLE', 'getDnnCategoryAllList');
INSERT INTO MAI_ACL (ID, ACCESS_TYPE, MODEL, PERMISSION, PRINCIPAL_ID, PRINCIPAL_TYPE, PROPERTY) VALUES (88, '*', 'Grpc', 'ALLOW', 'ta/dnn^C', 'ROLE', 'insertCategory');
INSERT INTO MAI_ACL (ID, ACCESS_TYPE, MODEL, PERMISSION, PRINCIPAL_ID, PRINCIPAL_TYPE, PROPERTY) VALUES (89, '*', 'Grpc', 'ALLOW', 'ta/dnn^U', 'ROLE', 'updateCategory');
INSERT INTO MAI_ACL (ID, ACCESS_TYPE, MODEL, PERMISSION, PRINCIPAL_ID, PRINCIPAL_TYPE, PROPERTY) VALUES (90, '*', 'Grpc', 'ALLOW', 'ta/dnn^D', 'ROLE', 'deleteCategory');
INSERT INTO MAI_ACL (ID, ACCESS_TYPE, MODEL, PERMISSION, PRINCIPAL_ID, PRINCIPAL_TYPE, PROPERTY) VALUES (91, '*', 'Grpc', 'ALLOW', 'ta/dnn^R', 'ROLE', 'getAllDicLines');
INSERT INTO MAI_ACL (ID, ACCESS_TYPE, MODEL, PERMISSION, PRINCIPAL_ID, PRINCIPAL_TYPE, PROPERTY) VALUES (100, '*', 'Grpc', 'ALLOW', 'ta/dnn^R', 'ROLE', 'getDuplicatesLines');
INSERT INTO MAI_ACL (ID, ACCESS_TYPE, MODEL, PERMISSION, PRINCIPAL_ID, PRINCIPAL_TYPE, PROPERTY) VALUES (101, '*', 'Grpc', 'ALLOW', 'ta/dnn^D', 'ROLE', 'deleteDuplicatesLines');
INSERT INTO MAI_ACL (ID, ACCESS_TYPE, MODEL, PERMISSION, PRINCIPAL_ID, PRINCIPAL_TYPE, PROPERTY) VALUES (102, '*', 'Grpc', 'ALLOW', 'ta/dnn^C', 'ROLE', 'insertLine');
INSERT INTO MAI_ACL (ID, ACCESS_TYPE, MODEL, PERMISSION, PRINCIPAL_ID, PRINCIPAL_TYPE, PROPERTY) VALUES (103, '*', 'Grpc', 'ALLOW', 'ta/dnn^D', 'ROLE', 'deleteLines');
INSERT INTO MAI_ACL (ID, ACCESS_TYPE, MODEL, PERMISSION, PRINCIPAL_ID, PRINCIPAL_TYPE, PROPERTY) VALUES (104, '*', 'Grpc', 'ALLOW', 'ta/dnn^C', 'ROLE', 'insertFile');
INSERT INTO MAI_ACL (ID, ACCESS_TYPE, MODEL, PERMISSION, PRINCIPAL_ID, PRINCIPAL_TYPE, PROPERTY) VALUES (105, '*', 'Grpc', 'ALLOW', 'ta/dnn^U', 'ROLE', 'commit');
INSERT INTO MAI_ACL (ID, ACCESS_TYPE, MODEL, PERMISSION, PRINCIPAL_ID, PRINCIPAL_TYPE, PROPERTY) VALUES (106, '*', 'Grpc', 'ALLOW', 'ta/dnn^R', 'ROLE', 'getCommitList');
INSERT INTO MAI_ACL (ID, ACCESS_TYPE, MODEL, PERMISSION, PRINCIPAL_ID, PRINCIPAL_TYPE, PROPERTY) VALUES (107, '*', 'Grpc', 'ALLOW', 'ta/dnn^R', 'ROLE', 'getDiff');
INSERT INTO MAI_ACL (ID, ACCESS_TYPE, MODEL, PERMISSION, PRINCIPAL_ID, PRINCIPAL_TYPE, PROPERTY) VALUES (108, '*', 'Grpc', 'ALLOW', 'ta/dnn^R', 'ROLE', 'getFileByCommit');
INSERT INTO MAI_REPLACEMENT_DICTIONARY_TYPE (NAME, USE_YN) VALUES ('개체명', 'Y');
INSERT INTO MAI_REPLACEMENT_DICTIONARY_TYPE (NAME, USE_YN) VALUES ('맞춤법', 'Y');
INSERT INTO MAI_REPLACEMENT_DICTIONARY_TYPE (NAME, USE_YN) VALUES ('동의어', 'N');
INSERT INTO MAI_REPLACEMENT_DICTIONARY_TYPE (NAME, USE_YN) VALUES ('유의어', 'N');
INSERT INTO MAI_STT_MODEL values('baseline-am-8k-dnn', null, null, 'baseline_DNN', 'STT_AM', 8000, 'success', 'baseline-kor-8000.sttimage.tar.gz', null, 'DNN', null, null, '5a4cfc399d105b52f6173fc909520000');
INSERT INTO MAI_STT_MODEL values('baseline-am-8k-lstm', null, null, 'baseline_LSTM', 'STT_AM', 8000, 'success', 'base_bilstm-kor-8000.sttimage.tar.gz', null, 'LSTM', null, null, '5a4cfc399d105b52f6173fc909520000');
INSERT INTO MAI_STT_MODEL values('baseline-lm-8k-dnn', null, null, 'baseline_DNN', 'STT_LM', 8000, 'success', 'baseline-kor-8000.sttimage.tar.gz', null, 'DNN', null, null, '5a4cfc399d105b52f6173fc909520000');
INSERT INTO MAI_STT_MODEL values('baseline-lm-8k-lstm', null, null, 'baseline_LSTM', 'STT_LM', 8000, 'success', 'base_bilstm-kor-8000.sttimage.tar.gz', null, 'LSTM', null, null, '5a4cfc399d105b52f6173fc909520000');
INSERT INTO MAI_STT_MODEL values('baseline-am-16k-dnn', null, null, 'baseline_DNN', 'STT_AM', 16000, 'success', 'baseline-kor-16000.sttimage.tar.gz', null, 'DNN', null, null, '5a4cfc399d105b52f6173fc909520000');
INSERT INTO MAI_STT_MODEL values('baseline-am-16k-lstm', null, null, 'baseline_LSTM', 'STT_AM', 16000, 'success', 'base_bilstm-kor-16000.sttimage.tar.gz', null, 'LSTM', null, null, '5a4cfc399d105b52f6173fc909520000');
INSERT INTO MAI_STT_MODEL values('baseline-lm-16k-dnn', null, null, 'baseline_DNN', 'STT_LM', 16000, 'success', 'baseline-kor-16000.sttimage.tar.gz', null, 'DNN', null, null, '5a4cfc399d105b52f6173fc909520000');
INSERT INTO MAI_STT_MODEL values('baseline-lm-16k-lstm', null, null, 'baseline_LSTM', 'STT_LM', 16000, 'success', 'base_bilstm-kor-16000.sttimage.tar.gz', null, 'LSTM', null, null, '5a4cfc399d105b52f6173fc909520000');

commit;
